{"cv_scheme": {"_type": "image-file", "width": 1600, "format": "png", "height": 480, "sha256": "9f6f49976401d86660f7a5e6fd48d602b5fa2adaa71574ae40a60b1a1f46e60f", "path": "media/images/cv_scheme_0_9f6f49976401d86660f7.png", "size": 20564}, "_timestamp": 1701479181.149123, "validation": {"MAPE": 0.1377361516106584, "fit_time": 4.638930009000016, "prediction_time": 7.761633610333338}, "_step": 1, "_runtime": 42.494422912597656, "_wandb": {"runtime": 42}}