{"cv_scheme": {"_type": "image-file", "sha256": "9f6f49976401d86660f7a5e6fd48d602b5fa2adaa71574ae40a60b1a1f46e60f", "size": 20564, "path": "media/images/cv_scheme_0_9f6f49976401d86660f7.png", "format": "png", "width": 1600, "height": 480}, "_timestamp": 1701480491.043987, "_runtime": 39.124489068984985, "_step": 1, "validation": {"MAPE": 0.14959324146072447, "fit_time": 3.284154924999939, "prediction_time": 8.01430327366658}, "_wandb": {"runtime": 38}}