{"cv_scheme": {"_type": "image-file", "sha256": "9f6f49976401d86660f7a5e6fd48d602b5fa2adaa71574ae40a60b1a1f46e60f", "size": 20564, "path": "media/images/cv_scheme_0_9f6f49976401d86660f7.png", "format": "png", "width": 1600, "height": 480}, "_timestamp": 1701479181.149123, "_runtime": 42.494422912597656, "_step": 1, "validation": {"MAPE": 0.1377361516106584, "fit_time": 4.638930009000016, "prediction_time": 7.761633610333338}, "_wandb": {"runtime": 42}}