{"cv_scheme": {"_type": "image-file", "sha256": "9f6f49976401d86660f7a5e6fd48d602b5fa2adaa71574ae40a60b1a1f46e60f", "size": 20564, "path": "media/images/cv_scheme_0_9f6f49976401d86660f7.png", "format": "png", "width": 1600, "height": 480}, "_timestamp": 1701478780.787416, "_runtime": 33.39441895484924, "_step": 1, "validation": {"MAPE": 0.15406836169421367, "fit_time": 1.9032142036666666, "prediction_time": 7.449471003000002}, "_wandb": {"runtime": 33}}