{"cv_scheme": {"_type": "image-file", "sha256": "9f6f49976401d86660f7a5e6fd48d602b5fa2adaa71574ae40a60b1a1f46e60f", "size": 20564, "path": "media/images/cv_scheme_0_9f6f49976401d86660f7.png", "format": "png", "width": 1600, "height": 480}, "_timestamp": 1701479027.085276, "_runtime": 48.72690987586975, "_step": 1, "validation": {"MAPE": 0.14041175618242394, "fit_time": 5.3227371919999955, "prediction_time": 9.189488571333357}, "_wandb": {"runtime": 48}}