{"cv_scheme": {"_type": "image-file", "sha256": "9f6f49976401d86660f7a5e6fd48d602b5fa2adaa71574ae40a60b1a1f46e60f", "size": 20564, "path": "media/images/cv_scheme_0_9f6f49976401d86660f7.png", "format": "png", "width": 1600, "height": 480}, "_timestamp": 1701479687.142858, "_runtime": 39.92159700393677, "_step": 1, "validation": {"MAPE": 0.1523043920527634, "fit_time": 3.0850906683333505, "prediction_time": 8.485349879666652}, "_wandb": {"runtime": 39}}