{"cv_scheme": {"_type": "image-file", "sha256": "9f6f49976401d86660f7a5e6fd48d602b5fa2adaa71574ae40a60b1a1f46e60f", "size": 20564, "path": "media/images/cv_scheme_0_9f6f49976401d86660f7.png", "format": "png", "width": 1600, "height": 480}, "_timestamp": 1701480066.580978, "_runtime": 45.502259969711304, "_step": 1, "validation": {"MAPE": 0.13981780452425577, "fit_time": 5.351139947000017, "prediction_time": 8.174059040666558}, "_wandb": {"runtime": 45}}