{"cv_scheme": {"_type": "image-file", "sha256": "9f6f49976401d86660f7a5e6fd48d602b5fa2adaa71574ae40a60b1a1f46e60f", "size": 20564, "path": "media/images/cv_scheme_0_9f6f49976401d86660f7.png", "format": "png", "width": 1600, "height": 480}, "_timestamp": 1701479473.231466, "_runtime": 37.14536809921265, "_step": 1, "validation": {"MAPE": 0.1623878385499146, "fit_time": 2.4470399716666407, "prediction_time": 8.17112687333334}, "_wandb": {"runtime": 36}}