{"cv_scheme": {"_type": "image-file", "sha256": "9f6f49976401d86660f7a5e6fd48d602b5fa2adaa71574ae40a60b1a1f46e60f", "size": 20564, "path": "media/images/cv_scheme_0_9f6f49976401d86660f7.png", "format": "png", "width": 1600, "height": 480}, "_timestamp": 1701479886.2547898, "_runtime": 44.741249799728394, "_step": 1, "validation": {"MAPE": 0.14193357815117524, "fit_time": 4.225684513666617, "prediction_time": 8.968172488000013}, "_wandb": {"runtime": 44}}