{"cv_scheme": {"_type": "image-file", "sha256": "9f6f49976401d86660f7a5e6fd48d602b5fa2adaa71574ae40a60b1a1f46e60f", "size": 20564, "path": "media/images/cv_scheme_0_9f6f49976401d86660f7.png", "format": "png", "width": 1600, "height": 480}, "_timestamp": 1701478969.5095859, "_runtime": 42.28382682800293, "_step": 1, "validation": {"MAPE": 0.14224920760224635, "fit_time": 4.075847433000017, "prediction_time": 8.187021473666675}, "_wandb": {"runtime": 41}}