{"cv_scheme": {"_type": "image-file", "sha256": "9f6f49976401d86660f7a5e6fd48d602b5fa2adaa71574ae40a60b1a1f46e60f", "size": 20564, "path": "media/images/cv_scheme_0_9f6f49976401d86660f7.png", "format": "png", "width": 1600, "height": 480}, "_timestamp": 1701479830.511856, "_runtime": 39.97549319267273, "_step": 1, "validation": {"MAPE": 0.14504421712446056, "fit_time": 3.4284963923333485, "prediction_time": 8.12559551533324}, "_wandb": {"runtime": 39}}