{"cv_scheme": {"_type": "image-file", "sha256": "9f6f49976401d86660f7a5e6fd48d602b5fa2adaa71574ae40a60b1a1f46e60f", "size": 20564, "path": "media/images/cv_scheme_0_9f6f49976401d86660f7.png", "format": "png", "width": 1600, "height": 480}, "_timestamp": 1701479782.193098, "_runtime": 37.73210906982422, "_step": 1, "validation": {"MAPE": 0.15142641508521634, "fit_time": 2.796323994999966, "prediction_time": 8.118582744}, "_wandb": {"runtime": 37}}