{"cv_scheme": {"_type": "image-file", "sha256": "9f6f49976401d86660f7a5e6fd48d602b5fa2adaa71574ae40a60b1a1f46e60f", "size": 20564, "path": "media/images/cv_scheme_0_9f6f49976401d86660f7.png", "format": "png", "width": 1600, "height": 480}, "_timestamp": 1701479076.972706, "_runtime": 41.65398716926575, "_step": 1, "validation": {"MAPE": 0.13976456795658762, "fit_time": 4.594454064666668, "prediction_time": 7.5666401293333365}, "_wandb": {"runtime": 41}}