{"cv_scheme": {"_type": "image-file", "sha256": "9f6f49976401d86660f7a5e6fd48d602b5fa2adaa71574ae40a60b1a1f46e60f", "size": 20564, "path": "media/images/cv_scheme_0_9f6f49976401d86660f7.png", "format": "png", "width": 1600, "height": 480}, "_timestamp": 1701480168.2494788, "_runtime": 34.699612855911255, "_step": 1, "validation": {"MAPE": 0.16969659297843498, "fit_time": 1.6776442796666895, "prediction_time": 8.151008778000081}, "_wandb": {"runtime": 34}}