{"cv_scheme": {"_type": "image-file", "sha256": "9f6f49976401d86660f7a5e6fd48d602b5fa2adaa71574ae40a60b1a1f46e60f", "size": 20564, "path": "media/images/cv_scheme_0_9f6f49976401d86660f7.png", "format": "png", "width": 1600, "height": 480}, "_timestamp": 1701480539.056607, "_runtime": 40.05516195297241, "_step": 1, "validation": {"MAPE": 0.14943491157687133, "fit_time": 3.458476011333308, "prediction_time": 8.038219081666588}, "_wandb": {"runtime": 39}}