{"cv_scheme": {"_type": "image-file", "sha256": "9f6f49976401d86660f7a5e6fd48d602b5fa2adaa71574ae40a60b1a1f46e60f", "size": 20564, "path": "media/images/cv_scheme_0_9f6f49976401d86660f7.png", "format": "png", "width": 1600, "height": 480}, "_timestamp": 1701479128.803087, "_runtime": 43.47539210319519, "_step": 1, "validation": {"MAPE": 0.14130964476482646, "fit_time": 4.574377759333326, "prediction_time": 8.125655899}, "_wandb": {"runtime": 42}}