{"cv_scheme": {"_type": "image-file", "sha256": "9f6f49976401d86660f7a5e6fd48d602b5fa2adaa71574ae40a60b1a1f46e60f", "size": 20564, "path": "media/images/cv_scheme_0_9f6f49976401d86660f7.png", "format": "png", "width": 1600, "height": 480}, "_timestamp": 1701480351.525381, "_runtime": 37.40877413749695, "_step": 1, "validation": {"MAPE": 0.15418501084190434, "fit_time": 2.657837026333406, "prediction_time": 8.042793262999945}, "_wandb": {"runtime": 37}}