{"cv_scheme": {"_type": "image-file", "sha256": "9f6f49976401d86660f7a5e6fd48d602b5fa2adaa71574ae40a60b1a1f46e60f", "size": 20564, "path": "media/images/cv_scheme_0_9f6f49976401d86660f7.png", "format": "png", "width": 1600, "height": 480}, "_timestamp": 1701479523.036892, "_runtime": 40.70313787460327, "_step": 1, "validation": {"MAPE": 0.15869423940830907, "fit_time": 2.9997724926666933, "prediction_time": 8.903837271666665}, "_wandb": {"runtime": 40}}