{"cv_scheme": {"_type": "image-file", "sha256": "9f6f49976401d86660f7a5e6fd48d602b5fa2adaa71574ae40a60b1a1f46e60f", "size": 20564, "path": "media/images/cv_scheme_0_9f6f49976401d86660f7.png", "format": "png", "width": 1600, "height": 480}, "_timestamp": 1701480213.086972, "_runtime": 33.53864502906799, "_step": 1, "validation": {"MAPE": 0.1711967589654105, "fit_time": 1.6436339466666443, "prediction_time": 7.753027095333361}, "_wandb": {"runtime": 33}}