{"cv_scheme": {"_type": "image-file", "sha256": "9f6f49976401d86660f7a5e6fd48d602b5fa2adaa71574ae40a60b1a1f46e60f", "size": 20564, "path": "media/images/cv_scheme_0_9f6f49976401d86660f7.png", "format": "png", "width": 1600, "height": 480}, "_timestamp": 1701479316.7233121, "_runtime": 35.13141322135925, "_step": 1, "validation": {"MAPE": 0.18554727603192858, "fit_time": 1.852417166666669, "prediction_time": 7.964395069333325}, "_wandb": {"runtime": 34}}