{"cv_scheme": {"_type": "image-file", "sha256": "9f6f49976401d86660f7a5e6fd48d602b5fa2adaa71574ae40a60b1a1f46e60f", "size": 20564, "path": "media/images/cv_scheme_0_9f6f49976401d86660f7.png", "format": "png", "width": 1600, "height": 480}, "_timestamp": 1701480124.036609, "_runtime": 46.69486594200134, "_step": 1, "validation": {"MAPE": 0.13896630727946369, "fit_time": 5.658983475333268, "prediction_time": 8.223127929999919}, "_wandb": {"runtime": 46}}