{"cv_scheme": {"_type": "image-file", "sha256": "9f6f49976401d86660f7a5e6fd48d602b5fa2adaa71574ae40a60b1a1f46e60f", "size": 20564, "path": "media/images/cv_scheme_0_9f6f49976401d86660f7.png", "format": "png", "width": 1600, "height": 480}, "_timestamp": 1701479636.085439, "_runtime": 40.0683970451355, "_step": 1, "validation": {"MAPE": 0.15514280888565193, "fit_time": 3.216526269333334, "prediction_time": 8.32763534866668}, "_wandb": {"runtime": 39}}