{"cv_scheme": {"_type": "image-file", "sha256": "9f6f49976401d86660f7a5e6fd48d602b5fa2adaa71574ae40a60b1a1f46e60f", "size": 20564, "path": "media/images/cv_scheme_0_9f6f49976401d86660f7.png", "format": "png", "width": 1600, "height": 480}, "_timestamp": 1701479425.117193, "_runtime": 34.94266390800476, "_step": 1, "validation": {"MAPE": 0.16364749981319135, "fit_time": 2.1144455783333647, "prediction_time": 7.901355113000022}, "_wandb": {"runtime": 34}}