{"cv_scheme": {"_type": "image-file", "sha256": "9f6f49976401d86660f7a5e6fd48d602b5fa2adaa71574ae40a60b1a1f46e60f", "size": 20564, "path": "media/images/cv_scheme_0_9f6f49976401d86660f7.png", "format": "png", "width": 1600, "height": 480}, "_timestamp": 1701478868.615017, "_runtime": 34.09166598320007, "_step": 1, "validation": {"MAPE": 0.15579141757941187, "fit_time": 2.137118146333331, "prediction_time": 7.686096697333326}, "_wandb": {"runtime": 33}}