{"cv_scheme": {"_type": "image-file", "sha256": "9f6f49976401d86660f7a5e6fd48d602b5fa2adaa71574ae40a60b1a1f46e60f", "size": 20564, "path": "media/images/cv_scheme_0_9f6f49976401d86660f7.png", "format": "png", "width": 1600, "height": 480}, "_timestamp": 1701479270.356908, "_runtime": 34.75855016708374, "_step": 1, "validation": {"MAPE": 0.18725497885589618, "fit_time": 1.7935006749999804, "prediction_time": 7.997987265333336}, "_wandb": {"runtime": 34}}