{"cv_scheme": {"_type": "image-file", "sha256": "9f6f49976401d86660f7a5e6fd48d602b5fa2adaa71574ae40a60b1a1f46e60f", "size": 20564, "path": "media/images/cv_scheme_0_9f6f49976401d86660f7.png", "format": "png", "width": 1600, "height": 480}, "_timestamp": 1701478823.666233, "_runtime": 34.96090602874756, "_step": 1, "validation": {"MAPE": 0.15088113441497605, "fit_time": 2.281067954000003, "prediction_time": 7.781818804333331}, "_wandb": {"runtime": 34}}