{"cv_scheme": {"_type": "image-file", "sha256": "9f6f49976401d86660f7a5e6fd48d602b5fa2adaa71574ae40a60b1a1f46e60f", "size": 20564, "path": "media/images/cv_scheme_0_9f6f49976401d86660f7.png", "format": "png", "width": 1600, "height": 480}, "_timestamp": 1701480395.009918, "_runtime": 36.02857708930969, "_step": 1, "validation": {"MAPE": 0.15099718054711256, "fit_time": 2.5386697593332883, "prediction_time": 7.798655924999973}, "_wandb": {"runtime": 35}}