{"cv_scheme": {"_type": "image-file", "sha256": "9f6f49976401d86660f7a5e6fd48d602b5fa2adaa71574ae40a60b1a1f46e60f", "size": 20564, "path": "media/images/cv_scheme_0_9f6f49976401d86660f7.png", "format": "png", "width": 1600, "height": 480}, "_timestamp": 1701480256.664494, "_runtime": 36.21507406234741, "_step": 1, "validation": {"MAPE": 0.17147303670691375, "fit_time": 2.3598715359999765, "prediction_time": 7.9396149783333385}, "_wandb": {"runtime": 35}}