{"cv_scheme": {"_type": "image-file", "sha256": "9f6f49976401d86660f7a5e6fd48d602b5fa2adaa71574ae40a60b1a1f46e60f", "size": 20564, "path": "media/images/cv_scheme_0_9f6f49976401d86660f7.png", "format": "png", "width": 1600, "height": 480}, "_timestamp": 1701479379.739058, "_runtime": 45.91365313529968, "_step": 1, "validation": {"MAPE": 0.160957394311632, "fit_time": 4.896177413333324, "prediction_time": 8.54986821066666}, "_wandb": {"runtime": 45}}