{"cv_scheme": {"_type": "image-file", "sha256": "9f6f49976401d86660f7a5e6fd48d602b5fa2adaa71574ae40a60b1a1f46e60f", "size": 20564, "path": "media/images/cv_scheme_0_9f6f49976401d86660f7.png", "format": "png", "width": 1600, "height": 480}, "_timestamp": 1701479953.69929, "_runtime": 49.9577751159668, "_step": 1, "validation": {"MAPE": 0.14070917191500895, "fit_time": 5.340146175666708, "prediction_time": 9.129692666666719}, "_wandb": {"runtime": 49}}